{
  "id": "strongholds",
  "title": "Strongholds",
  "description": "A Foundry VTT module for managing strongholds and settlements",
  "version": "0.1.0",
  "authors": [{ "name": "andrewgari" }],
  "license": "MIT",
  "compatibility": {
    "minimum": "12",
    "verified": "12"
  },
  "url": "https://github.com/andrewgari/foundryvtt-strongholds",
  "manifest": "https://raw.githubusercontent.com/andrewgari/foundryvtt-strongholds/main/module.json",
  "download": "https://github.com/andrewgari/foundryvtt-strongholds/releases/download/0.1.0/strongholds.zip",
  "esmodules": ["main.js"],
  "styles": ["styles.css"],
  "packs": [],
  "languages": [
    { "lang": "en", "name": "English", "path": "lang/en.json" }
  ],
  "flags": {},
  "media": [
    { "type": "icon", "url": "assets/icon.png" }
  ]
}

